id,descuento,precio,stock,categoria,tipo,rating,userId,calificacion,fecha_venta,cantidad,total
340,15,199,10,M,Vestido,4,34,,2024-07-25,2,301401
341,10,199,8,M,Blusa,4,34,,2024-07-25,2,301401
342,18,299,16,M,Playera,3,34,,2024-07-25,1,301401
343,20,399,19,M,Playera,4,34,,2024-07-25,1,301401
344,20,399,22,M,Falda,2,34,,2024-07-25,1,301401
345,25,479,21,M,Pantalon,3,34,,2024-07-25,2,301401
346,25,269,13,M,Vestido,4,34,,2024-07-25,3,301401
347,15,200,18,M,Falda,4,34,,2024-07-25,1,301401
348,15,549,19,M,Jean,2,34,,2024-07-25,1,301401
349,20,245,16,M,Playera,4,34,,2024-07-25,3,301401
350,20,128,18,M,Pantalon,4,34,,2024-07-25,3,301401
351,10,350,18,M,Falda,4,34,,2024-07-25,1,301401
352,20,128,18,M,Pantalon,4,34,,2024-07-25,3,143641
353,15,199,10,M,Vestido,4,34,,2024-07-25,2,143641
354,20,245,16,M,Playera,4,34,,2024-07-25,2,143641
355,10,299,13,M,Playera,4,34,,2024-07-25,1,143641
356,10,350,18,M,Falda,4,34,,2024-07-25,1,143641
357,25,269,13,M,Vestido,4,34,,2024-07-25,2,143641
358,20,349,22,M,Pantalon,2,34,,2024-07-25,1,143641
359,10,354,8,M,Playera,4,34,,2024-07-25,1,143641
360,20,399,19,M,Playera,4,34,,2024-07-25,1,143641
361,10,379,10,M,Pantalon,4,34,,2024-07-25,1,143641
362,10,599,16,M,Jean,4,34,,2024-07-25,1,301401
363,20,128,18,M,Pantalon,4,34,,2024-07-25,3,301401
364,15,200,18,M,Falda,4,34,,2024-07-25,1,301401
365,15,549,19,M,Jean,2,34,,2024-07-25,1,301401
366,20,245,16,M,Playera,4,34,,2024-07-25,2,301401
367,10,299,13,M,Playera,4,34,,2024-07-25,1,301401
368,10,350,18,M,Falda,4,34,,2024-07-25,1,301401
369,5,127,7,M,Playera,5,34,,2024-07-25,2,301401
370,10,379,10,M,Pantalon,4,34,,2024-07-25,1,301401
371,10,354,8,M,Playera,4,34,,2024-07-25,1,301401
372,15,399,16,M,Playera,3,34,,2024-07-25,1,301401
373,20,399,19,M,Playera,4,37,,2024-07-25,2,72361
374,25,269,13,M,Vestido,4,37,,2024-07-25,3,72361
375,15,549,19,M,Jean,2,37,,2024-07-25,1,39601
376,10,599,22,M,Jean,4,37,,2024-07-25,1,39601
377,15,199,10,M,Vestido,4,37,,2024-07-25,2,39601
378,15,549,19,M,Jean,2,34,,2024-07-25,1,202500
379,20,399,19,M,Playera,4,34,,2024-07-25,2,202500
380,20,349,22,M,Pantalon,2,34,,2024-07-25,2,202500
381,10,599,16,M,Jean,4,34,,2024-07-25,1,202500
382,10,354,8,M,Playera,4,34,,2024-07-25,1,202500
383,15,450,22,M,Pantalon,3,34,,2024-07-25,1,202500
385,25,269,13,M,Vestido,4,34,,2024-07-25,3,202500
386,15,578,25,H,Pantalon,3,37,,2024-07-25,1,16384
387,20,128,18,M,Pantalon,4,37,,2024-07-25,3,16384
388,20,399,22,M,Falda,2,37,,2024-07-25,1,249001
389,5,499,21,M,Falda,2,37,,2024-07-25,1,249001
390,20,127,7,M,Playera,5,34,,2024-07-25,3,358801
391,20,245,16,M,Playera,4,34,,2024-07-25,2,358801
392,25,269,13,M,Vestido,4,34,,2024-07-25,3,358801
394,10,599,22,M,Jean,4,34,,2024-07-25,1,358801
395,10,199,8,M,Blusa,4,34,,2024-07-25,4,358801
396,10,379,10,M,Pantalon,4,34,,2024-07-25,1,358801
397,10,350,18,M,Falda,4,34,,2024-07-25,1,358801
398,5,499,21,M,Falda,2,34,,2024-07-25,1,358801
399,10,299,13,M,Playera,4,34,,2024-07-25,1,358801
400,20,399,19,M,Playera,4,34,,2024-07-25,1,358801
401,15,549,19,M,Jean,2,34,,2024-07-25,1,358801
402,10,299,13,M,Playera,4,37,,2024-07-25,2,249001
403,20,499,20,M,Pantalon,3,37,,2024-07-25,2,249001
404,15,578,25,H,Pantalon,3,34,,2024-07-25,1,16129
405,20,499,20,M,Pantalon,3,34,,2024-07-25,1,16129
406,5,499,19,M,Blusa,2,34,,2024-07-25,1,16129
407,15,499,22,M,Vestido,3,34,,2024-07-25,1,16129
408,25,479,21,M,Pantalon,3,34,,2024-07-25,2,16129
409,5,399,22,M,Vestido,3,34,,2024-07-25,1,16129
412,20,349,22,M,Pantalon,2,34,,2024-07-25,1,16129
413,20,399,22,M,Falda,2,34,,2024-07-25,1,16129
415,10,599,16,M,Jean,4,34,,2024-07-25,1,249001
417,20,128,18,M,Pantalon,4,34,,2024-07-25,3,249001
418,10,199,8,M,Blusa,4,34,,2024-07-25,2,249001
419,10,350,18,M,Falda,4,34,,2024-07-25,1,249001
420,10,379,10,M,Pantalon,4,34,,2024-07-25,1,249001
421,20,245,16,M,Playera,4,34,,2024-07-25,2,249001
422,25,269,13,M,Vestido,4,34,,2024-07-25,2,249001
423,20,399,19,M,Playera,4,34,,2024-07-25,2,249001
424,10,354,8,M,Playera,4,34,,2024-07-25,1,249001
425,5,499,21,M,Falda,2,34,,2024-07-25,1,249001
426,25,269,13,M,Vestido,4,37,,2024-07-25,2,60025
427,10,199,8,M,Blusa,4,37,,2024-07-25,3,60025
428,20,128,18,M,Pantalon,4,37,,2024-07-25,1,60025
429,20,245,16,M,Playera,4,37,,2024-07-25,2,60025
430,18,299,16,M,Playera,3,34,,2024-07-25,1,229441
431,15,299,19,M,Blusa,3,34,,2024-07-25,1,229441
432,15,329,21,H,Pantalon,3,34,,2024-07-25,1,229441
434,15,399,16,M,Playera,3,34,,2024-07-25,1,229441
435,20,399,22,M,Falda,2,34,,2024-07-25,1,229441
436,20,239,16,M,Blusa,3,34,,2024-07-25,1,229441
437,25,479,21,M,Pantalon,3,34,,2024-07-25,1,229441
438,20,349,22,M,Pantalon,2,34,,2024-07-25,1,334084
439,15,399,16,M,Playera,3,34,,2024-07-25,1,334084
440,10,349,23,M,Falda,3,34,,2024-07-25,1,334084
441,15,450,22,M,Pantalon,3,34,,2024-07-25,1,334084
443,15,299,19,M,Blusa,3,34,,2024-07-25,1,334084
444,5,499,19,M,Blusa,2,34,,2024-07-25,1,334084
445,15,578,25,H,Pantalon,3,34,,2024-07-25,1,334084
446,20,399,22,M,Falda,2,34,,2024-07-25,1,334084
447,25,479,21,M,Pantalon,3,34,,2024-07-25,1,334084
448,15,329,21,H,Pantalon,3,34,,2024-07-25,1,358801
449,20,349,22,M,Pantalon,2,34,,2024-07-25,1,358801
450,20,399,22,M,Falda,2,34,,2024-07-25,1,358801
451,5,399,20,M,Blusa,2,34,,2024-07-25,1,358801
452,15,450,22,M,Pantalon,3,34,,2024-07-25,1,358801
453,10,478,22,H,Pantalon,3,34,,2024-07-25,1,358801
454,18,299,16,M,Playera,3,34,,2024-07-25,1,358801
456,15,499,22,M,Vestido,3,34,,2024-07-25,1,358801
457,10,599,16,M,Jean,4,34,,2024-07-25,1,358801
458,20,349,22,M,Pantalon,2,37,,2024-07-25,1,159201
459,20,399,22,M,Falda,2,37,,2024-07-25,1,159201
460,5,399,22,M,Vestido,3,37,,2024-07-25,1,159201
461,10,299,13,M,Playera,4,37,,2024-07-25,1,228484
462,18,299,16,M,Playera,3,37,,2024-07-25,1,228484
463,10,478,22,H,Pantalon,3,37,,2024-07-25,1,228484
464,10,349,23,M,Falda,3,37,,2024-07-25,1,228484
465,15,499,22,M,Vestido,3,34,,2024-07-25,1,16129
467,25,479,21,M,Pantalon,3,34,,2024-07-25,1,16129
468,20,399,22,M,Falda,2,34,,2024-07-25,1,16129
469,10,349,23,M,Pantalon,3,34,,2024-07-25,1,16129
470,20,349,22,M,Pantalon,2,34,,2024-07-25,1,16129
471,10,599,16,M,Jean,4,34,,2024-07-25,1,16129
472,15,356,18,H,Playera,3,34,,2024-07-25,1,16129
473,20,127,7,M,Playera,5,34,,2024-07-25,3,16129
475,5,499,19,M,Blusa,2,37,,2024-07-25,1,159201
476,5,499,19,M,Blusa,2,34,,2024-07-25,1,108241
477,20,499,20,M,Pantalon,3,34,,2024-07-25,1,108241
479,15,329,21,H,Pantalon,3,34,,2024-07-25,1,108241
480,20,349,22,M,Pantalon,2,34,,2024-07-25,1,108241
481,25,479,21,M,Pantalon,3,34,,2024-07-25,1,108241
482,20,399,22,M,Falda,2,34,,2024-07-25,1,108241
483,10,349,23,M,Pantalon,3,37,,2024-07-25,1,121801
484,5,399,20,M,Blusa,2,37,,2024-07-25,1,121801
485,20,399,22,M,Falda,2,37,,2024-07-25,1,121801
486,18,299,16,M,Playera,3,37,,2024-07-25,1,121801
487,5,399,22,M,Vestido,3,37,,2024-07-25,1,121801
488,15,299,19,M,Blusa,3,37,,2024-07-25,1,121801
489,20,349,22,M,Pantalon,2,37,,2024-07-25,1,121801
490,5,499,19,M,Blusa,2,37,,2024-07-25,1,121801
491,10,349,23,M,Falda,3,37,,2024-07-25,1,121801
492,10,599,16,M,Jean,4,34,,2024-07-25,1,16129
493,15,549,19,M,Jean,2,34,,2024-07-25,1,16129
494,20,399,19,M,Playera,4,34,,2024-07-25,2,16129
495,5,499,21,M,Falda,2,34,,2024-07-25,1,16129
496,10,379,10,M,Pantalon,4,34,,2024-07-25,1,16129
497,10,354,8,M,Playera,4,34,,2024-07-25,1,16129
498,15,200,18,M,Falda,4,34,,2024-07-25,1,16129
499,10,350,18,M,Falda,4,34,,2024-07-25,1,16129
500,15,199,10,M,Vestido,4,34,,2024-07-25,1,16129
501,20,127,7,M,Playera,5,34,,2024-07-25,3,16129
502,20,245,16,M,Playera,4,34,,2024-07-25,3,16129
503,15,499,22,M,Vestido,3,37,,2024-07-25,1,334084
504,15,399,16,M,Playera,3,37,,2024-07-25,1,334084
505,20,349,22,M,Pantalon,2,37,,2024-07-25,1,334084
506,5,399,22,M,Vestido,3,37,,2024-07-25,1,334084
507,15,299,19,M,Blusa,3,37,,2024-07-25,1,334084
508,5,499,19,M,Blusa,2,37,,2024-07-25,1,334084
509,18,299,16,M,Playera,3,37,,2024-07-25,1,334084
510,5,399,20,M,Blusa,2,37,,2024-07-25,1,334084
511,20,399,22,M,Falda,2,37,,2024-07-25,1,334084
512,10,478,22,H,Pantalon,3,37,,2024-07-25,1,334084
513,15,329,21,H,Pantalon,3,37,,2024-07-25,1,334084
514,10,349,23,M,Pantalon,3,37,,2024-07-25,1,334084
515,15,450,22,M,Pantalon,3,37,,2024-07-25,1,334084
516,25,479,21,M,Pantalon,3,37,,2024-07-25,1,334084
517,20,499,20,M,Pantalon,3,37,,2024-07-25,1,334084
518,20,239,16,M,Blusa,3,37,,2024-07-25,1,334084
519,15,356,18,H,Playera,3,37,,2024-07-25,1,334084
520,10,349,23,M,Falda,3,37,,2024-07-25,1,334084
521,15,578,25,H,Pantalon,3,37,,2024-07-25,1,334084
522,15,199,10,M,Vestido,4,34,,2024-07-25,3,89401
523,20,127,7,M,Playera,5,34,,2024-07-25,3,89401
524,10,199,8,M,Blusa,4,34,,2024-07-25,2,89401
525,20,128,18,M,Pantalon,4,34,,2024-07-25,3,89401
526,25,269,13,M,Vestido,4,34,,2024-07-25,3,89401
527,10,599,16,M,Jean,4,34,,2024-07-25,1,89401
528,20,245,16,M,Playera,4,34,,2024-07-25,2,89401
529,10,299,13,M,Playera,4,34,,2024-07-25,1,89401
530,10,379,10,M,Pantalon,4,37,,2024-07-25,1,16129
531,20,245,16,M,Playera,4,37,,2024-07-25,1,16129
532,15,199,10,M,Vestido,4,37,,2024-07-25,2,16129
533,20,127,7,M,Playera,5,37,,2024-07-25,3,16129
534,10,350,18,M,Falda,4,37,,2024-07-25,2,16129
535,20,127,7,M,Playera,5,34,,2024-07-25,3,358801
536,15,199,10,M,Vestido,4,34,,2024-07-25,2,358801
537,25,269,13,M,Vestido,4,34,,2024-07-25,3,358801
538,20,245,16,M,Playera,4,34,,2024-07-25,3,358801
539,10,350,18,M,Falda,4,34,,2024-07-25,1,358801
540,18,299,16,M,Playera,3,34,,2024-07-25,1,358801
541,10,199,8,M,Blusa,4,34,,2024-07-25,3,358801
542,20,399,19,M,Playera,4,34,,2024-07-25,2,358801
543,10,599,22,M,Jean,4,34,,2024-07-25,1,358801
544,20,399,22,M,Falda,2,37,,2024-07-25,1,89401
545,18,299,16,M,Playera,3,37,,2024-07-25,1,89401
546,15,356,18,H,Playera,3,37,,2024-07-25,1,89401
547,5,499,19,M,Blusa,2,37,,2024-07-25,1,89401
548,10,199,8,M,Blusa,4,37,,2024-07-25,1,89401
549,15,450,22,M,Pantalon,3,37,,2024-07-25,1,89401
550,5,399,20,M,Blusa,2,37,,2024-07-25,1,89401
551,10,349,23,M,Falda,3,37,,2024-07-25,1,89401
552,5,399,22,M,Vestido,3,37,,2024-07-25,1,89401
553,15,299,19,M,Blusa,3,37,,2024-07-25,1,89401
554,10,478,22,H,Pantalon,3,37,,2024-07-25,1,89401
555,15,199,10,M,Vestido,4,34,,2024-07-25,2,159201
556,20,127,7,M,Playera,5,34,,2024-07-25,4,159201
557,25,269,13,M,Vestido,4,34,,2024-07-25,3,159201
558,20,399,19,M,Playera,4,34,,2024-07-25,1,159201
559,20,245,16,M,Playera,4,34,,2024-07-25,1,249001
560,20,239,16,M,Blusa,3,34,,2024-07-25,2,249001
561,20,499,20,M,Pantalon,3,34,,2024-07-25,2,249001
562,20,127,7,M,Playera,5,34,,2024-07-25,4,249001
563,25,269,13,M,Vestido,4,34,,2024-07-25,3,249001
564,20,399,19,M,Playera,4,34,,2024-07-25,2,249001
565,20,399,22,M,Falda,2,34,,2024-07-25,1,121801
566,5,499,19,M,Blusa,2,34,,2024-07-25,1,121801
567,5,399,22,M,Vestido,3,34,,2024-07-25,1,121801
568,15,578,25,H,Pantalon,3,34,,2024-07-25,1,121801
569,20,349,22,M,Pantalon,2,34,,2024-07-25,1,121801
570,10,349,23,M,Pantalon,3,34,,2024-07-25,1,121801
571,10,478,22,H,Pantalon,3,34,,2024-07-25,1,121801
572,5,499,19,M,Blusa,2,37,,2024-07-25,1,249001
573,5,399,22,M,Vestido,3,34,,2024-07-25,1,159201
574,5,399,20,M,Blusa,2,34,,2024-07-25,1,159201
575,5,499,19,M,Blusa,2,34,,2024-07-25,1,159201
576,20,349,22,M,Pantalon,2,34,,2024-07-25,1,159201
577,10,349,23,M,Falda,3,34,,2024-07-25,1,159201
578,20,399,22,M,Falda,2,34,,2024-07-25,1,159201
579,5,499,21,M,Falda,2,34,,2024-07-25,1,159201
580,5,499,19,M,Blusa,2,37,,2024-07-25,1,249001
581,5,399,20,M,Blusa,2,37,,2024-07-25,1,159201
582,15,599,16,M,Jean,4,34,,2024-07-25,1,301401
583,20,599,22,M,Jean,4,34,,2024-07-25,1,301401
584,15,399,22,M,Falda,2,34,,2024-07-25,1,301401
585,20,245,16,M,Playera,4,34,,2024-07-25,2,301401
586,25,127,7,M,Playera,5,34,,2024-07-25,3,301401
587,25,269,13,M,Vestido,4,34,,2024-07-25,3,301401
588,25,379,10,M,Pantalon,4,34,,2024-07-25,3,301401
589,20,199,10,M,Vestido,4,34,,2024-07-25,3,301401
590,20,299,13,M,Playera,4,34,,2024-07-25,2,301401
591,25,354,8,M,Playera,4,34,,2024-07-25,3,301401
592,15,549,19,M,Jean,2,34,,2024-07-25,1,301401
593,25,127,7,M,Playera,5,34,,2024-07-25,3,358801
594,20,199,10,M,Vestido,4,34,,2024-07-25,2,358801
595,25,269,13,M,Vestido,4,34,,2024-07-25,3,358801
596,20,299,13,M,Playera,4,34,,2024-07-25,2,358801
597,25,379,10,M,Pantalon,4,34,,2024-07-25,2,358801
598,25,354,8,M,Playera,4,34,,2024-07-25,3,358801
599,20,239,16,M,Blusa,3,34,,2024-07-25,3,358801
600,20,128,18,M,Pantalon,4,34,,2024-07-25,3,358801
601,20,599,22,M,Jean,4,34,,2024-07-25,1,358801
602,20,399,19,M,Playera,4,34,,2024-07-25,1,358801
603,25,127,7,M,Playera,5,34,,2024-07-25,4,358801
604,20,128,18,M,Pantalon,4,34,,2024-07-25,3,358801
605,20,199,10,M,Vestido,4,34,,2024-07-25,3,358801
606,20,239,16,M,Blusa,3,34,,2024-07-25,3,358801
607,25,269,13,M,Vestido,4,34,,2024-07-25,2,358801
608,25,354,8,M,Playera,4,34,,2024-07-25,3,358801
609,20,299,13,M,Playera,4,34,,2024-07-25,1,358801
610,20,245,16,M,Playera,4,34,,2024-07-25,2,358801
611,25,379,10,M,Pantalon,4,34,,2024-07-25,2,358801
612,20,399,19,M,Playera,4,34,,2024-07-25,1,358801
613,20,599,22,M,Jean,4,34,,2024-07-25,1,358801
614,20,499,20,M,Pantalon,3,34,,2024-07-25,1,358801
615,10,349,22,M,Pantalon,2,34,,2024-07-25,1,249001
616,5,399,16,M,Playera,3,34,,2024-07-25,1,249001
617,5,399,22,M,Vestido,3,34,,2024-07-25,1,249001
618,10,349,23,M,Pantalon,3,34,,2024-07-25,1,249001
619,10,299,16,M,Playera,3,34,,2024-07-25,1,249001
620,10,478,22,H,Pantalon,3,34,,2024-07-25,1,249001
621,10,349,23,M,Falda,3,34,,2024-07-25,1,249001
622,5,499,21,M,Falda,2,34,,2024-07-25,1,249001
623,15,399,22,M,Falda,2,34,,2024-07-25,1,249001
624,5,399,20,M,Blusa,2,34,,2024-07-25,1,249001
625,5,499,21,M,Falda,2,34,,2024-07-25,1,121801
626,5,499,19,M,Blusa,2,34,,2024-07-25,1,121801
627,5,399,16,M,Playera,3,34,,2024-07-25,1,121801
628,10,578,25,H,Pantalon,3,34,,2024-07-25,1,121801
629,5,399,20,M,Blusa,2,34,,2024-07-25,1,121801
630,10,349,22,M,Pantalon,2,34,,2024-07-25,1,121801
631,10,349,23,M,Falda,3,34,,2024-07-25,1,121801
632,5,399,22,M,Vestido,3,34,,2024-07-25,1,121801
633,15,499,22,M,Vestido,3,34,,2024-07-25,1,40000
634,15,549,19,M,Jean,2,34,,2024-07-25,1,40000
635,15,599,16,M,Jean,4,34,,2024-07-25,1,40000
636,15,200,18,M,Falda,4,34,,2024-07-25,3,40000
637,15,399,22,M,Falda,2,34,,2024-07-25,1,40000
638,15,329,21,H,Pantalon,3,34,,2024-07-25,1,40000
639,15,299,19,M,Blusa,3,34,,2024-07-25,2,40000
640,15,479,21,M,Pantalon,3,34,,2024-07-25,1,40000
641,15,450,22,M,Pantalon,3,34,,2024-07-25,1,40000
651,15,499,22,M,Vestido,3,34,,2024-07-25,1,202500
652,15,200,18,M,Falda,4,34,,2024-07-25,1,202500
653,15,549,19,M,Jean,2,34,,2024-07-25,1,202500
654,15,599,16,M,Jean,4,34,,2024-07-25,1,202500
655,15,329,21,H,Pantalon,3,34,,2024-07-25,1,202500
656,15,450,22,M,Pantalon,3,34,,2024-07-25,1,202500
657,15,399,22,M,Falda,2,34,,2024-07-25,1,202500
658,15,479,21,M,Pantalon,3,34,,2024-07-25,1,202500
659,15,299,19,M,Blusa,3,34,,2024-07-25,1,202500
660,15,549,19,M,Jean,2,34,,2024-07-25,1,202500
661,15,399,22,M,Falda,2,34,,2024-07-25,1,202500
662,15,499,22,M,Vestido,3,34,,2024-07-25,1,202500
663,15,299,19,M,Blusa,3,34,,2024-07-25,1,202500
664,15,479,21,M,Pantalon,3,34,,2024-07-25,1,202500
665,15,200,18,M,Falda,4,34,,2024-07-25,2,202500
666,15,599,16,M,Jean,4,34,,2024-07-25,1,202500
667,15,329,21,H,Pantalon,3,34,,2024-07-25,1,202500
668,15,450,22,M,Pantalon,3,34,,2024-07-25,1,202500
669,15,599,16,M,Jean,4,34,,2024-07-25,1,202500
670,5,399,16,M,Playera,3,34,,2024-07-25,1,202500
671,15,499,22,M,Vestido,3,34,,2024-07-25,1,202500
672,10,349,22,M,Pantalon,2,34,,2024-07-25,1,202500
673,15,299,19,M,Blusa,3,34,,2024-07-25,1,202500
674,10,349,23,M,Falda,3,34,,2024-07-25,1,202500
675,15,549,19,M,Jean,2,34,,2024-07-25,1,202500
676,10,299,16,M,Playera,3,34,,2024-07-25,1,202500
677,5,499,21,M,Falda,2,34,,2024-07-25,1,202500
678,20,499,20,M,Pantalon,3,34,,2024-07-25,1,202500
679,5,499,19,M,Blusa,2,34,,2024-07-25,1,202500
680,5,399,20,M,Blusa,2,34,,2024-07-25,1,202500
681,20,239,16,M,Blusa,3,34,,2024-07-25,1,202500
682,15,479,21,M,Pantalon,3,34,,2024-07-25,1,202500
683,10,356,18,H,Playera,3,34,,2024-07-25,1,202500
684,15,329,21,H,Pantalon,3,34,,2024-07-25,1,202500
685,10,478,22,H,Pantalon,3,34,,2024-07-25,1,202500
686,10,349,23,M,Pantalon,3,34,,2024-07-25,1,202500
687,15,450,22,M,Pantalon,3,34,,2024-07-25,1,202500
688,15,399,22,M,Falda,2,34,,2024-07-25,1,202500
689,10,578,25,H,Pantalon,3,34,,2024-07-25,1,202500
711,20,128,18,M,Pantalon,4,34,,2024-07-25,3,159201
712,20,199,10,M,Vestido,4,34,,2024-07-25,2,159201
713,25,269,13,M,Vestido,4,34,,2024-07-25,3,159201
714,20,245,16,M,Playera,4,34,,2024-07-25,2,159201
715,25,127,7,M,Playera,5,34,,2024-07-25,3,159201
716,25,354,8,M,Playera,4,34,,2024-07-25,3,159201
717,25,379,10,M,Pantalon,4,34,,2024-07-25,3,159201
718,20,399,19,M,Playera,4,34,,2024-07-25,1,159201
719,20,299,13,M,Playera,4,34,,2024-07-25,2,159201
720,25,379,10,M,Pantalon,4,34,,2024-07-25,3,80656
721,25,269,13,M,Vestido,4,34,,2024-07-25,3,40401
722,5,499,19,M,Blusa,2,34,,2024-07-25,1,224676
723,5,399,20,M,Blusa,2,34,,2024-07-25,1,143641
726,25,269,13,M,Vestido,4,34,,2024-07-25,3,40401
727,10,199,8,M,Blusa,4,34,,2024-07-25,1,32041
730,5,399,20,M,Blusa,2,34,,2024-07-25,1,143641
731,20,128,18,M,Pantalon,4,34,,2024-07-25,2,358801
732,20,245,16,M,Playera,4,34,,2024-07-25,2,358801
733,10,350,18,M,Falda,4,34,,2024-07-25,1,358801
734,20,199,10,M,Vestido,4,34,,2024-07-25,2,358801
735,20,399,19,M,Playera,4,34,,2024-07-25,2,358801
736,25,354,8,M,Playera,4,34,,2024-07-25,3,358801
737,25,127,7,M,Playera,5,34,,2024-07-25,4,358801
738,25,379,10,M,Pantalon,4,34,,2024-07-25,3,358801
739,20,599,22,M,Jean,4,34,,2024-07-25,2,358801
749,20,245,16,M,Playera,4,34,,2024-07-25,2,358801
750,20,299,13,M,Playera,4,34,,2024-07-25,2,358801
751,25,379,10,M,Pantalon,4,34,,2024-07-25,3,358801
752,20,399,19,M,Playera,4,34,,2024-07-25,3,358801
753,20,599,22,M,Jean,4,34,,2024-07-25,2,358801
754,25,354,8,M,Playera,4,34,,2024-07-25,3,358801
755,15,200,18,M,Falda,4,34,,2024-07-25,3,39601
756,20,299,13,M,Playera,4,34,,2024-07-25,2,39601
757,10,350,18,M,Falda,4,34,,2024-07-25,1,39601
758,25,199,8,M,Blusa,4,34,,2024-07-25,3,39601
759,15,599,16,M,Jean,4,34,,2024-07-25,1,39601
760,15,549,19,M,Jean,2,34,,2024-07-25,1,39601
761,20,599,22,M,Jean,4,34,,2024-07-25,2,39601
769,5,499,19,M,Blusa,2,34,,2024-07-25,1,224676
772,10,349,22,M,Pantalon,2,34,,2024-07-25,1,98596
773,20,599,22,M,Jean,4,34,,2024-07-25,2,60025
774,20,399,19,M,Playera,4,34,,2024-07-25,2,60025
775,20,299,13,M,Playera,4,34,,2024-07-25,2,60025
776,25,269,13,M,Vestido,4,34,,2024-07-25,2,60025
777,20,128,18,M,Pantalon,4,34,,2024-07-25,2,60025
778,25,127,7,M,Playera,5,34,,2024-07-25,3,60025
779,20,199,10,M,Vestido,4,34,,2024-07-25,2,60025
780,25,199,8,M,Blusa,4,34,,2024-07-25,3,60025
781,25,354,8,M,Playera,4,34,,2024-07-25,3,60025
782,20,245,16,M,Playera,4,34,,2024-07-25,2,60025
783,25,379,10,M,Pantalon,4,34,,2024-07-25,3,60025
784,5,499,19,M,Blusa,2,34,,2024-07-25,1,249001
785,10,349,22,M,Pantalon,2,34,,2024-07-25,1,249001
786,15,499,22,M,Vestido,3,34,,2024-07-25,1,121801
787,5,399,22,M,Vestido,3,34,,2024-07-25,1,121801
788,5,499,19,M,Blusa,2,34,,2024-07-25,1,121801
789,10,349,22,M,Pantalon,2,34,,2024-07-25,1,121801
790,5,399,20,M,Blusa,2,34,,2024-07-25,1,121801
791,10,349,23,M,Falda,3,34,,2024-07-25,1,121801
792,5,499,21,M,Falda,2,34,,2024-07-25,1,121801
793,10,299,16,M,Playera,3,34,,2024-07-25,1,121801
794,5,399,16,M,Playera,3,34,,2024-07-25,1,121801
795,15,479,21,M,Pantalon,3,34,,2024-07-25,1,121801
796,5,399,22,M,Vestido,3,34,,2024-07-25,1,121801
797,5,499,19,M,Blusa,2,34,,2024-07-25,1,121801
798,10,349,23,M,Falda,3,34,,2024-07-25,1,121801
799,5,399,20,M,Blusa,2,34,,2024-07-25,1,121801
800,10,349,22,M,Pantalon,2,34,,2024-07-25,1,121801
801,5,499,21,M,Falda,2,34,,2024-07-25,1,121801
802,10,578,25,H,Pantalon,3,34,,2024-07-25,1,121801
803,10,356,18,H,Playera,3,34,,2024-07-25,1,121801
804,10,349,23,M,Pantalon,3,34,,2024-07-25,1,121801
805,10,478,22,H,Pantalon,3,34,,2024-07-25,1,121801
806,25,269,13,M,Vestido,4,34,,2024-07-25,1,40401
807,5,499,19,M,Blusa,2,34,,2024-07-25,1,159201
808,5,399,20,M,Blusa,2,34,,2024-07-25,1,159201
809,25,127,7,M,Playera,5,34,,2024-07-25,3,358801
810,20,199,10,M,Vestido,4,34,,2024-07-25,2,358801
811,25,199,8,M,Blusa,4,34,,2024-07-25,3,358801
812,20,245,16,M,Playera,4,34,,2024-07-25,2,358801
813,20,399,19,M,Playera,4,34,,2024-07-25,2,358801
814,25,354,8,M,Playera,4,34,,2024-07-25,3,358801
815,20,128,18,M,Pantalon,4,34,,2024-07-25,2,358801
816,20,299,13,M,Playera,4,34,,2024-07-25,2,358801
817,25,379,10,M,Pantalon,4,34,,2024-07-25,3,358801
818,25,269,13,M,Vestido,4,34,,2024-07-25,3,358801
819,20,599,22,M,Jean,4,34,,2024-07-25,2,358801
820,20,399,19,M,Playera,4,34,,2024-07-25,2,16384
821,20,499,20,M,Pantalon,3,34,,2024-07-25,2,16384
822,20,199,10,M,Vestido,4,34,,2024-07-25,2,16384
823,20,599,22,M,Jean,4,34,,2024-07-25,2,16384
824,20,239,16,M,Blusa,3,34,,2024-07-25,2,16384
825,20,128,18,M,Pantalon,4,34,,2024-07-25,3,16384
826,20,299,13,M,Playera,4,34,,2024-07-25,2,16384
827,10,299,16,M,Playera,3,34,,2024-07-25,1,122500
828,10,349,22,M,Pantalon,2,34,,2024-07-25,1,122500
829,15,479,21,M,Pantalon,3,34,,2024-07-25,1,122500
830,10,349,23,M,Falda,3,34,,2024-07-25,1,122500
831,5,399,20,M,Blusa,2,34,,2024-07-25,1,122500
832,15,549,19,M,Jean,2,34,,2024-07-25,1,122500
833,5,399,16,M,Playera,3,34,,2024-07-25,1,122500
834,15,599,16,M,Jean,4,34,,2024-07-25,1,122500
835,5,499,21,M,Falda,2,34,,2024-07-25,1,122500
836,10,578,25,H,Pantalon,3,34,,2024-07-25,1,122500
837,10,478,22,H,Pantalon,3,34,,2024-07-25,1,122500
838,10,356,18,H,Playera,3,34,,2024-07-25,1,122500
839,10,350,18,M,Falda,4,34,,2024-07-25,1,122500
840,5,499,19,M,Blusa,2,34,,2024-07-25,1,122500
841,10,349,23,M,Pantalon,3,34,,2024-07-25,1,122500
842,15,399,22,M,Falda,2,34,,2024-07-25,1,122500
843,5,499,19,M,Blusa,2,34,,2024-07-25,1,122500
844,5,399,20,M,Blusa,2,34,,2024-07-25,1,122500
845,10,578,25,H,Pantalon,3,34,,2024-07-25,1,122500
846,5,499,21,M,Falda,2,34,,2024-07-25,1,122500
847,10,478,22,H,Pantalon,3,34,,2024-07-25,1,122500
848,10,349,23,M,Pantalon,3,34,,2024-07-25,1,122500
849,10,356,18,H,Playera,3,34,,2024-07-25,1,122500
850,10,350,18,M,Falda,4,34,,2024-07-25,1,122500
851,10,349,22,M,Pantalon,2,34,,2024-07-25,1,122500
852,5,499,21,M,Falda,2,34,,2024-07-25,1,159201
853,5,399,20,M,Blusa,2,34,,2024-07-25,1,159201
854,10,399,22,M,Falda,2,34,,2024-07-25,1,159201
855,10,356,18,H,Playera,3,34,,2024-07-25,1,159201
856,10,499,22,M,Vestido,3,34,,2024-07-25,1,121801
857,10,479,21,M,Pantalon,3,34,,2024-07-25,1,121801
858,10,329,21,H,Pantalon,3,34,,2024-07-25,1,121801
859,10,450,22,M,Pantalon,3,34,,2024-07-25,1,121801
860,10,349,22,M,Pantalon,2,34,,2024-07-25,1,121801
861,5,399,16,M,Playera,3,34,,2024-07-25,1,121801
862,10,299,16,M,Playera,3,34,,2024-07-25,1,121801
863,10,299,19,M,Blusa,3,34,,2024-07-25,1,121801
864,5,399,20,M,Blusa,2,34,,2024-07-25,1,121801
865,5,399,22,M,Vestido,3,34,,2024-07-25,1,121801
866,5,499,19,M,Blusa,2,34,,2024-07-25,1,121801
867,5,499,21,M,Falda,2,34,,2024-07-25,1,121801
868,10,349,23,M,Falda,3,34,,2024-07-25,1,121801
869,10,478,22,H,Pantalon,3,34,,2024-07-25,1,121801
870,10,399,22,M,Falda,2,34,,2024-07-25,1,121801
871,10,356,18,H,Playera,3,34,,2024-07-25,1,121801
872,10,349,23,M,Pantalon,3,34,,2024-07-25,1,121801
873,10,578,25,H,Pantalon,3,34,,2024-07-25,1,121801
874,20,599,16,M,Jean,4,34,,2024-07-25,2,60025
875,20,549,19,M,Jean,2,34,,2024-07-25,2,60025
876,20,599,22,M,Jean,4,34,,2024-07-25,2,60025
877,20,399,19,M,Playera,4,34,,2024-07-25,2,60025
878,20,299,13,M,Playera,4,34,,2024-07-25,2,60025
879,20,499,20,M,Pantalon,3,34,,2024-07-25,2,60025
880,20,199,10,M,Vestido,4,34,,2024-07-25,2,60025
881,20,128,18,M,Pantalon,4,34,,2024-07-25,2,60025
882,25,354,8,M,Playera,4,34,,2024-07-25,3,60025
883,25,127,7,M,Playera,5,34,,2024-07-25,3,60025
884,20,200,18,M,Falda,4,34,,2024-07-25,2,60025
885,25,379,10,M,Pantalon,4,34,,2024-07-25,3,60025
886,25,199,8,M,Blusa,4,34,,2024-07-25,3,60025
887,25,269,13,M,Vestido,4,34,,2024-07-25,3,60025
888,20,239,16,M,Blusa,3,34,,2024-07-25,2,60025
889,20,350,18,M,Falda,4,34,,2024-07-25,2,60025
890,20,245,16,M,Playera,4,34,,2024-07-25,2,60025
891,20,599,22,M,Jean,4,34,,2024-07-25,1,60025
892,20,399,19,M,Playera,4,34,,2024-07-25,2,60025
893,20,128,18,M,Pantalon,4,34,,2024-07-25,2,60025
894,25,199,8,M,Blusa,4,34,,2024-07-25,3,60025
895,25,269,13,M,Vestido,4,34,,2024-07-25,3,60025
896,20,199,10,M,Vestido,4,34,,2024-07-25,2,60025
897,20,599,16,M,Jean,4,34,,2024-07-25,1,60025
898,20,299,13,M,Playera,4,34,,2024-07-25,2,60025
899,20,239,16,M,Blusa,3,34,,2024-07-25,2,60025
900,25,379,10,M,Pantalon,4,34,,2024-07-25,3,60025
901,20,200,18,M,Falda,4,34,,2024-07-25,2,60025
902,20,245,16,M,Playera,4,34,,2024-07-25,2,60025
903,20,499,20,M,Pantalon,3,34,,2024-07-25,1,60025
904,25,127,7,M,Playera,5,34,,2024-07-25,3,60025
905,20,350,18,M,Falda,4,34,,2024-07-25,2,60025
906,25,354,8,M,Playera,4,34,,2024-07-25,3,60025
907,20,549,19,M,Jean,2,34,,2024-07-25,1,60025
908,20,599,16,M,Jean,4,34,,2024-07-25,1,60025
909,20,549,19,M,Jean,2,34,,2024-07-25,1,60025
910,20,599,22,M,Jean,4,34,,2024-07-25,1,60025
911,20,399,19,M,Playera,4,34,,2024-07-25,2,60025
912,20,299,13,M,Playera,4,34,,2024-07-25,2,60025
913,20,499,20,M,Pantalon,3,34,,2024-07-25,1,60025
914,25,127,7,M,Playera,5,34,,2024-07-25,3,60025
915,20,128,18,M,Pantalon,4,34,,2024-07-25,2,60025
916,20,239,16,M,Blusa,3,34,,2024-07-25,2,60025
917,25,354,8,M,Playera,4,34,,2024-07-25,3,60025
918,25,379,10,M,Pantalon,4,34,,2024-07-25,3,60025
919,25,269,13,M,Vestido,4,34,,2024-07-25,3,60025
920,20,199,10,M,Vestido,4,34,,2024-07-25,2,60025
921,25,199,8,M,Blusa,4,34,,2024-07-25,3,60025
922,20,200,18,M,Falda,4,34,,2024-07-25,2,60025
923,20,245,16,M,Playera,4,34,,2024-07-25,2,60025
924,20,350,18,M,Falda,4,34,,2024-07-25,2,60025
925,10,349,22,M,Pantalon,2,34,,2024-07-25,1,202500
926,10,479,21,M,Pantalon,3,34,,2024-07-25,1,202500
927,5,399,16,M,Playera,3,34,,2024-07-25,1,202500
928,5,399,22,M,Vestido,3,34,,2024-07-25,1,202500
929,10,499,22,M,Vestido,3,34,,2024-07-25,1,202500
930,10,299,16,M,Playera,3,34,,2024-07-25,1,202500
931,5,399,20,M,Blusa,2,34,,2024-07-25,1,202500
932,5,499,19,M,Blusa,2,34,,2024-07-25,1,202500
933,10,349,23,M,Falda,3,34,,2024-07-25,1,202500
934,10,399,22,M,Falda,2,34,,2024-07-25,1,202500
935,10,578,25,H,Pantalon,3,34,,2024-07-25,1,202500
936,10,478,22,H,Pantalon,3,34,,2024-07-25,1,202500
937,10,356,18,H,Playera,3,34,,2024-07-25,1,202500
938,10,329,21,H,Pantalon,3,34,,2024-07-25,1,202500
939,10,349,23,M,Pantalon,3,34,,2024-07-25,1,202500
940,10,299,19,M,Blusa,3,34,,2024-07-25,1,202500
941,5,499,21,M,Falda,2,34,,2024-07-25,1,202500
942,10,450,22,M,Pantalon,3,34,,2024-07-25,1,202500
961,10,299,16,M,Playera,3,34,,2024-07-25,1,229441
962,5,399,16,M,Playera,3,34,,2024-07-25,1,229441
963,10,479,21,M,Pantalon,3,34,,2024-07-25,1,229441
964,25,269,13,M,Vestido,4,34,,2024-07-25,3,125316
965,25,199,8,M,Blusa,4,34,,2024-07-25,3,125316
966,25,354,8,M,Playera,4,34,,2024-07-25,3,125316
967,25,379,10,M,Pantalon,4,34,,2024-07-25,3,125316
972,5,399,22,M,Vestido,3,34,,2024-07-25,1,334084
973,10,499,22,M,Vestido,3,34,,2024-07-25,1,334084
974,5,499,19,M,Blusa,2,34,,2024-07-25,1,334084
975,10,299,19,M,Blusa,3,34,,2024-07-25,1,334084
976,5,399,20,M,Blusa,2,34,,2024-07-25,1,334084
977,10,399,22,M,Falda,2,34,,2024-07-25,1,334084
978,5,499,21,M,Falda,2,34,,2024-07-25,1,334084
979,10,349,22,M,Pantalon,2,34,,2024-07-25,1,334084
980,10,578,25,H,Pantalon,3,34,,2024-07-25,1,334084
981,20,549,19,M,Jean,2,34,,2024-07-25,1,60025
982,20,599,22,M,Jean,4,34,,2024-07-25,1,60025
983,20,599,16,M,Jean,4,34,,2024-07-25,1,60025
984,20,299,13,M,Playera,4,34,,2024-07-25,2,60025
985,5,399,16,M,Playera,3,34,,2024-07-25,1,60025
986,20,399,19,M,Playera,4,34,,2024-07-25,2,60025
987,10,479,21,M,Pantalon,3,34,,2024-07-25,1,60025
988,10,299,16,M,Playera,3,34,,2024-07-25,2,60025
989,20,199,10,M,Vestido,4,34,,2024-07-25,2,60025
990,5,499,19,M,Blusa,2,34,,2024-07-25,1,60025
991,5,399,22,M,Vestido,3,34,,2024-07-25,1,60025
992,25,269,13,M,Vestido,4,34,,2024-07-25,3,60025
993,25,379,10,M,Pantalon,4,34,,2024-07-25,3,60025
994,20,499,20,M,Pantalon,3,34,,2024-07-25,1,60025
995,20,239,16,M,Blusa,3,34,,2024-07-25,2,60025
996,10,299,19,M,Blusa,3,34,,2024-07-25,1,60025
997,10,578,25,H,Pantalon,3,34,,2024-07-25,1,60025
998,10,399,22,M,Falda,2,34,,2024-07-25,1,60025
999,5,499,21,M,Falda,2,34,,2024-07-25,1,60025
1000,5,399,20,M,Blusa,2,34,,2024-07-25,1,60025
1001,10,499,22,M,Vestido,3,34,,2024-07-25,1,60025
1002,25,199,8,M,Blusa,4,34,,2024-07-25,3,60025
1003,10,349,22,M,Pantalon,2,34,,2024-07-25,1,60025
1004,20,128,18,M,Pantalon,4,34,,2024-07-25,2,60025
1005,25,354,8,M,Playera,4,34,,2024-07-25,3,60025
1006,10,349,23,M,Pantalon,3,34,,2024-07-25,1,60025
1007,20,200,18,M,Falda,4,34,,2024-07-25,2,60025
1008,10,478,22,H,Pantalon,3,34,,2024-07-25,1,60025
1009,10,349,23,M,Falda,3,34,,2024-07-25,1,60025
1010,25,127,7,M,Playera,5,34,,2024-07-25,3,60025
1011,20,245,16,M,Playera,4,34,,2024-07-25,2,60025
1012,20,350,18,M,Falda,4,34,,2024-07-25,1,60025
1013,10,329,21,H,Pantalon,3,34,,2024-07-25,1,60025
1014,10,356,18,H,Playera,3,34,,2024-07-25,1,60025
1015,10,450,22,M,Pantalon,3,34,,2024-07-25,1,60025
1016,10,450,22,M,Pantalon,3,34,,2024-07-25,1,89401
1017,10,356,18,H,Playera,3,34,,2024-07-25,1,89401
1018,10,399,22,M,Falda,2,34,,2024-07-25,1,89401
1019,10,578,25,H,Pantalon,3,34,,2024-07-25,1,89401
1020,10,478,22,H,Pantalon,3,34,,2024-07-25,1,89401
1021,5,399,20,M,Blusa,2,34,,2024-07-25,1,89401
1022,5,499,21,M,Falda,2,34,,2024-07-25,1,89401
1023,10,329,21,H,Pantalon,3,34,,2024-07-25,1,89401
1024,10,349,23,M,Pantalon,3,34,,2024-07-25,1,89401
1025,10,349,23,M,Falda,3,34,,2024-07-25,1,89401
1026,5,499,19,M,Blusa,2,34,,2024-07-25,1,89401
1027,5,399,22,M,Vestido,3,34,,2024-07-25,1,89401
1028,10,499,22,M,Vestido,3,34,,2024-07-25,1,89401
1029,10,349,22,M,Pantalon,2,34,,2024-07-25,1,89401
1030,10,479,21,M,Pantalon,3,34,,2024-07-25,1,89401
1031,10,299,16,M,Playera,3,34,,2024-07-25,1,89401
1032,10,299,19,M,Blusa,3,34,,2024-07-25,1,89401
1033,5,499,19,M,Blusa,2,34,,2024-07-25,1,249001
1034,5,399,22,M,Vestido,3,34,,2024-07-25,1,249001
1035,5,399,16,M,Playera,3,34,,2024-07-25,1,249001
1036,5,399,20,M,Blusa,2,34,,2024-07-25,1,249001
1037,5,499,21,M,Falda,2,34,,2024-07-25,1,249001
1038,25,379,10,M,Pantalon,4,34,,2024-07-25,4,122500
1039,20,549,19,M,Jean,2,34,,2024-07-25,1,122500
1040,20,399,19,M,Playera,4,34,,2024-07-25,2,122500
1041,25,199,8,M,Blusa,4,34,,2024-07-25,4,122500
1042,25,269,13,M,Vestido,4,34,,2024-07-25,4,122500
1043,25,354,8,M,Playera,4,34,,2024-07-25,4,122500
1044,20,599,16,M,Jean,4,34,,2024-07-25,1,122500
1045,20,599,22,M,Jean,4,34,,2024-07-25,1,122500
1046,20,200,18,M,Falda,4,34,,2024-07-25,2,122500
1047,20,245,16,M,Playera,4,34,,2024-07-25,2,122500
1048,20,350,18,M,Falda,4,34,,2024-07-25,1,122500
1049,25,127,7,M,Playera,5,34,,2024-07-25,4,122500
1050,20,199,10,M,Vestido,4,34,,2024-07-25,3,122500
1051,20,299,13,M,Playera,4,34,,2024-07-25,2,122500
1052,20,128,18,M,Pantalon,4,34,,2024-07-25,2,122500
1053,25,354,8,M,Playera,4,34,,2024-07-25,3,16129
1054,25,199,8,M,Blusa,4,34,,2024-07-25,3,16129
1055,25,379,10,M,Pantalon,4,34,,2024-07-25,3,16129
1056,25,269,13,M,Vestido,4,34,,2024-07-25,3,16129
1057,25,127,7,M,Playera,5,34,,2024-07-25,3,16129
1058,25,127,7,M,Playera,5,34,,2024-07-25,1,9025
1059,10,349,22,M,Pantalon,2,34,,2024-07-25,1,98596
1060,10,349,22,M,Pantalon,2,34,,2024-07-25,1,121801
1061,25,379,10,M,Pantalon,4,34,,2024-07-25,1,80656
1062,5,399,22,M,Vestido,3,34,,2024-07-25,1,249001
1063,5,399,16,M,Playera,3,34,,2024-07-25,1,249001
1064,5,499,19,M,Blusa,2,34,,2024-07-25,1,249001
1065,5,499,21,M,Falda,2,34,,2024-07-25,1,249001
1066,5,399,20,M,Blusa,2,34,,2024-07-25,1,249001
1067,20,128,18,M,Pantalon,4,34,,2024-07-25,2,60025
1068,25,127,7,M,Playera,5,34,,2024-07-25,3,60025
1069,20,599,16,M,Jean,4,34,,2024-07-25,1,60025
1070,25,379,10,M,Pantalon,4,34,,2024-07-25,3,60025
1071,20,199,10,M,Vestido,4,34,,2024-07-25,2,60025
1072,20,599,22,M,Jean,4,34,,2024-07-25,1,60025
1073,25,199,8,M,Blusa,4,34,,2024-07-25,3,60025
1074,20,399,19,M,Playera,4,34,,2024-07-25,2,60025
1075,25,354,8,M,Playera,4,34,,2024-07-25,3,60025
1076,25,269,13,M,Vestido,4,34,,2024-07-25,3,60025
1077,20,549,19,M,Jean,2,34,,2024-07-25,1,60025
1078,20,299,13,M,Playera,4,34,,2024-07-25,2,60025
1079,20,200,18,M,Falda,4,34,,2024-07-25,2,60025
1080,20,350,18,M,Falda,4,34,,2024-07-25,1,60025
1081,20,245,16,M,Playera,4,34,,2024-07-25,2,60025
1082,20,599,16,M,Jean,4,34,,2024-07-25,1,60025
1083,20,599,22,M,Jean,4,34,,2024-07-25,1,60025
1084,20,128,18,M,Pantalon,4,34,,2024-07-25,2,60025
1085,20,299,13,M,Playera,4,34,,2024-07-25,2,60025
1086,20,199,10,M,Vestido,4,34,,2024-07-25,2,60025
1087,20,200,18,M,Falda,4,34,,2024-07-25,2,60025
1088,20,399,19,M,Playera,4,34,,2024-07-25,2,60025
1089,20,245,16,M,Playera,4,34,,2024-07-25,3,60025
1090,20,350,18,M,Falda,4,34,,2024-07-25,1,60025
1091,25,127,7,M,Playera,5,34,,2024-07-25,3,60025
1092,20,549,19,M,Jean,2,34,,2024-07-25,1,60025
1093,20,599,16,M,Jean,4,34,,2024-07-25,1,229441
1094,20,549,19,M,Jean,2,34,,2024-07-25,1,122500
1095,20,599,22,M,Jean,4,34,,2024-07-25,2,122500
1096,20,599,16,M,Jean,4,34,,2024-07-25,1,122500
1097,20,299,13,M,Playera,4,34,,2024-07-25,1,122500
1098,20,239,16,M,Blusa,3,34,,2024-07-25,2,122500
1099,20,200,18,M,Falda,4,34,,2024-07-25,2,122500
1100,20,199,10,M,Vestido,4,34,,2024-07-25,1,122500
1101,20,399,19,M,Playera,4,34,,2024-07-25,2,122500
1102,20,128,18,M,Pantalon,4,34,,2024-07-25,2,122500
1103,20,350,18,M,Falda,4,34,,2024-07-25,2,122500
1104,20,245,16,M,Playera,4,34,,2024-07-25,2,122500
1105,20,499,20,M,Pantalon,3,34,,2024-07-25,1,122500
1106,20,599,22,M,Jean,4,34,,2024-07-25,1,301401
1107,20,549,19,M,Jean,2,34,,2024-07-25,1,301401
1108,20,599,16,M,Jean,4,34,,2024-07-25,1,301401
1109,20,599,16,M,Jean,4,34,,2024-07-25,1,301401
1110,20,599,22,M,Jean,4,34,,2024-07-25,1,301401
1111,20,549,19,M,Jean,2,34,,2024-07-25,1,301401
1112,25,379,10,M,Pantalon,4,34,,2024-07-25,3,80656
1113,20,245,16,M,Playera,4,34,,2024-07-25,2,358801
1114,20,239,16,M,Blusa,3,34,,2024-07-25,2,358801
1115,20,128,18,M,Pantalon,4,34,,2024-07-25,2,358801
1116,20,299,13,M,Playera,4,34,,2024-07-25,2,358801
1117,20,350,18,M,Falda,4,34,,2024-07-25,2,358801
1118,20,200,18,M,Falda,4,34,,2024-07-25,2,358801
1119,20,549,19,M,Jean,2,34,,2024-07-25,1,358801
1120,20,599,16,M,Jean,4,34,,2024-07-25,1,358801
1121,20,599,22,M,Jean,4,34,,2024-07-25,1,358801
1122,10,299,19,M,Blusa,3,34,,2024-07-25,1,358801
1123,20,599,16,M,Jean,4,34,,2024-07-25,1,60025
1124,20,549,19,M,Jean,2,34,,2024-07-25,1,60025
1125,20,599,22,M,Jean,4,34,,2024-07-25,1,60025
1126,20,299,13,M,Playera,4,34,,2024-07-25,1,60025
1127,20,199,10,M,Vestido,4,34,,2024-07-25,3,60025
1128,25,127,7,M,Playera,5,34,,2024-07-25,3,60025
1129,25,199,8,M,Blusa,4,34,,2024-07-25,3,60025
1130,20,399,19,M,Playera,4,34,,2024-07-25,2,60025
1131,25,379,10,M,Pantalon,4,34,,2024-07-25,3,60025
1132,25,269,13,M,Vestido,4,34,,2024-07-25,3,60025
1133,20,200,18,M,Falda,4,34,,2024-07-25,2,60025
1134,25,354,8,M,Playera,4,34,,2024-07-25,3,60025
1135,20,350,18,M,Falda,4,34,,2024-07-25,2,60025
1136,20,245,16,M,Playera,4,34,,2024-07-25,2,60025
1137,20,128,18,M,Pantalon,4,34,,2024-07-25,2,60025
1138,10,329,21,H,Pantalon,3,34,,2024-07-25,1,249001
1139,10,356,18,H,Playera,3,34,,2024-07-25,1,249001
1140,5,399,20,M,Blusa,2,34,,2024-07-25,1,249001
1141,10,450,22,M,Pantalon,3,34,,2024-07-25,1,249001
1142,5,499,21,M,Falda,2,34,,2024-07-25,1,249001
1143,10,349,23,M,Pantalon,3,34,,2024-07-25,1,249001
1144,10,399,22,M,Falda,2,34,,2024-07-25,1,249001
1145,5,499,19,M,Blusa,2,34,,2024-07-25,1,249001
1146,5,499,21,M,Falda,2,34,,2024-07-25,1,121801
1147,10,399,22,M,Falda,2,34,,2024-07-25,1,121801
1148,5,499,19,M,Blusa,2,34,,2024-07-25,1,121801
1149,10,349,22,M,Pantalon,2,34,,2024-07-25,1,121801
1150,5,399,20,M,Blusa,2,34,,2024-07-25,1,121801
1151,5,499,19,M,Blusa,2,34,,2024-07-25,1,159201
1152,5,399,20,M,Blusa,2,34,,2024-07-25,1,159201
1153,10,349,22,M,Pantalon,2,34,,2024-07-25,1,159201
1154,5,499,21,M,Falda,2,34,,2024-07-25,1,159201
1155,10,399,22,M,Falda,2,34,,2024-07-25,1,159201
1156,25,379,10,M,Pantalon,4,34,,2024-07-25,1,143641
1157,25,269,13,M,Vestido,4,34,,2024-07-25,3,40401
1158,5,399,16,M,Playera,3,34,,2024-07-25,1,202500
1159,10,349,22,M,Pantalon,2,34,,2024-07-25,1,202500
1160,10,479,21,M,Pantalon,3,34,,2024-07-25,1,202500
1161,20,499,20,M,Pantalon,3,34,,2024-07-25,1,202500
1162,10,578,25,H,Pantalon,3,34,,2024-07-25,1,202500
1163,10,299,19,M,Blusa,3,34,,2024-07-25,1,202500
1164,5,399,22,M,Vestido,3,34,,2024-07-25,1,202500
1165,5,399,20,M,Blusa,2,34,,2024-07-25,1,202500
1166,5,499,21,M,Falda,2,34,,2024-07-25,1,202500
1167,5,499,19,M,Blusa,2,34,,2024-07-25,1,202500
1168,10,399,22,M,Falda,2,34,,2024-07-25,1,202500
1169,10,349,23,M,Falda,3,34,,2024-07-25,1,202500
1170,10,450,22,M,Pantalon,3,34,,2024-07-25,1,202500
1183,20,599,16,M,Jean,4,34,,2024-07-25,1,60025
1184,20,549,19,M,Jean,2,34,,2024-07-25,1,60025
1185,25,127,7,M,Playera,5,34,,2024-07-25,3,60025
1186,25,199,8,M,Blusa,4,34,,2024-07-25,3,60025
1187,25,379,10,M,Pantalon,4,34,,2024-07-25,3,60025
1188,20,128,18,M,Pantalon,4,34,,2024-07-25,2,60025
1189,20,199,10,M,Vestido,4,34,,2024-07-25,2,60025
1190,25,269,13,M,Vestido,4,34,,2024-07-25,3,60025
1191,25,354,8,M,Playera,4,34,,2024-07-25,3,60025
1192,20,200,18,M,Falda,4,34,,2024-07-25,2,60025
1193,20,350,18,M,Falda,4,34,,2024-07-25,2,60025
1194,20,245,16,M,Playera,4,34,,2024-07-25,2,60025
1195,20,299,13,M,Playera,4,34,,2024-07-25,2,60025
1196,20,599,22,M,Jean,4,34,,2024-07-25,1,60025
1197,20,399,19,M,Playera,4,34,,2024-07-25,2,16384
1198,20,599,16,M,Jean,4,34,,2024-07-25,2,16384
1199,20,299,13,M,Playera,4,34,,2024-07-25,2,16384
1200,20,599,22,M,Jean,4,34,,2024-07-25,2,16384
1201,20,549,19,M,Jean,2,34,,2024-07-25,2,16384
1202,20,128,18,M,Pantalon,4,34,,2024-07-25,2,16384
1203,20,199,10,M,Vestido,4,34,,2024-07-25,2,16384
1204,10,299,16,M,Playera,3,34,,2024-07-25,2,202500
1205,5,399,16,M,Playera,3,34,,2024-07-25,1,202500
1206,10,479,21,M,Pantalon,3,34,,2024-07-25,1,202500
1207,5,399,22,M,Vestido,3,34,,2024-07-25,1,202500
1208,20,239,16,M,Blusa,3,34,,2024-07-25,1,202500
1209,10,299,19,M,Blusa,3,34,,2024-07-25,1,202500
1210,20,499,20,M,Pantalon,3,34,,2024-07-25,1,202500
1211,10,499,22,M,Vestido,3,34,,2024-07-25,1,202500
1212,10,349,23,M,Falda,3,34,,2024-07-25,1,202500
1213,10,578,25,H,Pantalon,3,34,,2024-07-25,1,202500
1214,10,478,22,H,Pantalon,3,34,,2024-07-25,1,202500
1215,10,329,21,H,Pantalon,3,34,,2024-07-25,1,202500
1216,10,349,23,M,Pantalon,3,34,,2024-07-25,1,202500
1217,10,450,22,M,Pantalon,3,34,,2024-07-25,1,202500
1218,10,356,18,H,Playera,3,34,,2024-07-25,1,202500
1219,5,499,21,M,Falda,2,34,,2024-07-25,1,224676
1222,25,127,7,M,Playera,5,34,,2024-07-25,3,72361
1223,25,354,8,M,Playera,4,34,,2024-07-25,2,72361
1224,25,199,8,M,Blusa,4,34,,2024-07-25,4,72361
1225,25,269,13,M,Vestido,4,34,,2024-07-25,4,72361
1226,20,599,16,M,Jean,4,34,,2024-07-25,1,229441
1229,20,599,16,M,Jean,4,34,,2024-07-25,1,229441
1230,20,599,22,M,Jean,4,34,,2024-07-25,1,229441
1231,20,549,19,M,Jean,2,34,,2024-07-25,1,192721
1232,10,299,19,M,Blusa,3,34,,2024-07-25,1,72361
1233,10,499,22,M,Vestido,3,34,,2024-07-25,1,249001
1234,5,499,19,M,Blusa,2,34,,2024-07-25,1,249001
1235,5,399,20,M,Blusa,2,34,,2024-07-25,1,249001
1236,5,399,22,M,Vestido,3,34,,2024-07-25,1,249001
1237,5,499,21,M,Falda,2,34,,2024-07-25,1,249001
1238,10,399,22,M,Falda,2,34,,2024-07-25,1,249001
1239,10,578,25,H,Pantalon,3,34,,2024-07-25,1,270400
1240,10,450,22,M,Pantalon,3,34,,2024-07-25,1,164025
1241,25,379,10,M,Pantalon,4,34,,2024-07-25,3,60025
1242,20,200,18,M,Falda,4,34,,2024-07-25,1,60025
1243,20,180,18,M,Pantalon,4,34,,2024-07-25,3,60025
1244,20,399,19,M,Playera,4,34,,2024-07-25,2,60025
1245,25,354,8,M,Playera,4,34,,2024-07-25,3,60025
1246,20,245,16,M,Playera,4,34,,2024-07-25,1,60025
1247,10,479,21,M,Pantalon,3,34,,2024-07-25,1,358801
1248,10,499,22,M,Vestido,3,34,,2024-07-25,1,358801
1249,20,499,20,M,Pantalon,3,34,,2024-07-25,1,358801
1250,10,299,16,M,Playera,3,34,,2024-07-25,1,358801
1251,10,349,23,M,Falda,3,34,,2024-07-25,1,358801
1252,10,599,25,H,Pantalon,3,34,,2024-07-25,1,358801
1253,25,599,16,M,Jean,4,34,,2024-07-25,4,60025
1254,20,549,19,M,Jean,2,34,,2024-07-25,3,60025
1255,20,299,13,M,Playera,4,34,,2024-07-25,3,60025
1256,20,599,22,M,Jean,4,34,,2024-07-25,2,60025
1257,20,499,20,M,Pantalon,3,34,,2024-07-25,1,60025
1258,20,239,16,M,Blusa,3,34,,2024-07-25,2,60025
1259,25,150,7,M,Playera,5,34,,2024-07-25,4,60025
1260,20,180,18,M,Pantalon,4,34,,2024-07-25,2,60025
1261,20,399,19,M,Playera,4,34,,2024-07-25,2,60025
1262,20,245,16,M,Playera,4,34,,2024-07-25,1,60025
1263,20,350,18,M,Falda,4,34,,2024-07-25,2,60025
1264,25,354,8,M,Playera,4,34,,2024-07-25,3,60025
1265,25,269,13,M,Vestido,4,34,,2024-07-25,3,60025
1266,20,200,18,M,Falda,4,34,,2024-07-25,2,60025
1267,20,199,10,M,Vestido,4,34,,2024-07-25,3,60025
1268,25,199,8,M,Blusa,4,34,,2024-07-25,4,60025
1269,25,379,10,M,Pantalon,4,34,,2024-07-25,3,60025
1270,5,399,16,M,Playera,3,34,,2024-07-25,1,202500
1271,10,479,21,M,Pantalon,3,34,,2024-07-25,1,202500
1272,5,399,22,M,Vestido,3,34,,2024-07-25,1,202500
1273,5,399,20,M,Blusa,2,34,,2024-07-25,1,202500
1274,10,299,19,M,Blusa,3,34,,2024-07-25,1,202500
1275,10,299,16,M,Playera,3,34,,2024-07-25,1,202500
1276,10,349,22,M,Pantalon,2,34,,2024-07-25,1,202500
1277,5,499,21,M,Falda,2,34,,2024-07-25,1,202500
1278,5,499,19,M,Blusa,2,34,,2024-07-25,1,202500
1279,10,349,23,M,Falda,3,34,,2024-07-25,1,202500
1280,10,478,22,H,Pantalon,3,34,,2024-07-25,1,202500
1281,10,329,21,H,Pantalon,3,34,,2024-07-25,1,202500
1282,10,356,18,H,Playera,3,34,,2024-07-25,1,202500
1283,10,450,22,M,Pantalon,3,34,,2024-07-25,1,202500
1284,10,499,22,M,Vestido,3,34,,2024-07-25,1,202500
1285,10,399,22,M,Falda,2,34,,2024-07-25,1,202500
1286,10,349,23,M,Pantalon,3,34,,2024-07-25,1,202500
1287,25,199,8,M,Blusa,4,34,,2024-07-25,4,39601
1288,25,599,16,M,Jean,4,34,,2024-07-25,1,201601
1289,20,199,10,M,Vestido,4,34,,2024-07-25,3,25281
1292,20,350,18,M,Falda,4,34,,2024-07-25,3,22500
1293,20,299,13,M,Playera,4,34,,2024-07-25,2,22500
1294,20,199,10,M,Vestido,4,34,,2024-07-25,3,22500
1295,20,245,16,M,Playera,4,34,,2024-07-25,3,22500
1296,20,200,18,M,Falda,4,34,,2024-07-25,2,22500
1297,25,354,8,M,Playera,4,34,,2024-07-25,3,22500
1298,25,269,13,M,Vestido,4,34,,2024-07-25,3,22500
1299,25,199,8,M,Blusa,4,34,,2024-07-25,5,22500
1300,25,150,7,M,Playera,5,34,,2024-07-25,4,22500
1301,10,399,22,M,Falda,2,34,,2024-07-25,1,249001
1302,10,599,25,H,Pantalon,3,34,,2024-07-25,1,249001
1303,5,399,20,M,Blusa,2,34,,2024-07-25,1,249001
1304,5,499,21,M,Falda,2,34,,2024-07-25,1,249001
1305,5,499,19,M,Blusa,2,34,,2024-07-25,1,249001
1306,5,399,22,M,Vestido,3,34,,2024-07-25,1,249001
1307,10,349,22,M,Pantalon,2,34,,2024-07-25,1,98596
1308,20,299,13,M,Playera,4,34,,2024-07-25,1,57121
1309,10,299,16,M,Playera,3,34,,2024-07-25,1,57121
1310,10,299,19,M,Blusa,3,34,,2024-07-25,1,57121
1311,20,239,16,M,Blusa,3,34,,2024-07-25,1,57121
1312,10,299,19,M,Blusa,3,34,,2024-07-25,1,57121
1313,20,299,13,M,Playera,4,34,,2024-07-25,2,57121
1314,5,399,16,M,Playera,3,34,,2024-07-25,1,57121
1315,20,239,16,M,Blusa,3,34,,2024-07-25,2,57121
1316,25,599,16,M,Jean,4,34,,2024-07-25,1,57121
1317,10,599,25,H,Pantalon,3,34,,2024-07-25,1,57121
1318,20,599,22,M,Jean,4,34,,2024-07-25,1,57121
1319,20,499,20,M,Pantalon,3,34,,2024-07-25,1,57121
1320,20,549,19,M,Jean,2,34,,2024-07-25,1,57121
1321,5,499,19,M,Blusa,2,34,,2024-07-25,1,57121
1322,10,499,22,M,Vestido,3,34,,2024-07-25,1,57121
1323,10,499,22,M,Vestido,3,34,,2024-07-25,1,57121
1324,10,450,22,M,Pantalon,3,34,,2024-07-25,1,57121
1325,20,399,19,M,Playera,4,34,,2024-07-25,1,57121
1326,5,399,16,M,Playera,3,34,,2024-07-25,1,57121
1327,5,399,22,M,Vestido,3,34,,2024-07-25,1,57121
1328,10,479,21,M,Pantalon,3,34,,2024-07-25,1,57121
1329,5,499,21,M,Falda,2,34,,2024-07-25,1,57121
1330,10,478,22,H,Pantalon,3,34,,2024-07-25,1,57121
1331,10,349,22,M,Pantalon,2,34,,2024-07-25,1,57121
1332,10,349,23,M,Falda,3,34,,2024-07-25,1,57121
1333,10,349,23,M,Pantalon,3,34,,2024-07-25,1,57121
1334,10,329,21,H,Pantalon,3,34,,2024-07-25,1,57121
1335,10,399,22,M,Falda,2,34,,2024-07-25,1,57121
1336,5,399,20,M,Blusa,2,34,,2024-07-25,1,57121
1337,10,356,18,H,Playera,3,34,,2024-07-25,1,57121
1338,10,299,16,M,Playera,3,34,,2024-07-25,1,57121
1339,10,299,19,M,Blusa,3,34,,2024-07-25,1,57121
1340,20,239,16,M,Blusa,3,34,,2024-07-25,1,57121
1341,10,299,16,M,Playera,3,34,,2024-07-25,3,202500
1342,5,399,16,M,Playera,3,34,,2024-07-25,5,202500
1343,10,479,21,M,Pantalon,3,34,,2024-07-25,2,202500
1344,20,499,20,M,Pantalon,3,34,,2024-07-25,3,202500
1345,10,499,22,M,Vestido,3,34,,2024-07-25,2,202500
1346,10,349,22,M,Pantalon,2,34,,2024-07-25,2,202500
1347,5,499,19,M,Blusa,2,34,,2024-07-25,2,202500
1348,5,399,22,M,Vestido,3,34,,2024-07-25,3,202500
1349,20,239,16,M,Blusa,3,34,,2024-07-25,2,202500
1350,5,399,20,M,Blusa,2,34,,2024-07-25,3,202500
1351,10,349,23,M,Falda,3,34,,2024-07-25,2,202500
1352,5,499,21,M,Falda,2,34,,2024-07-25,3,202500
1353,10,399,22,M,Falda,2,34,,2024-07-25,2,202500
1354,10,599,25,H,Pantalon,3,34,,2024-07-25,2,202500
1355,10,478,22,H,Pantalon,3,34,,2024-07-25,2,202500
1356,10,356,18,H,Playera,3,34,,2024-07-25,2,202500
1357,10,329,21,H,Pantalon,3,34,,2024-07-25,3,202500
1358,10,299,19,M,Blusa,3,34,,2024-07-25,3,202500
1359,10,349,23,M,Pantalon,3,34,,2024-07-25,2,202500
1360,10,450,22,M,Pantalon,3,34,,2024-07-25,2,202500
1361,25,150,7,M,Playera,5,34,,2024-07-25,6,159201
1362,20,180,18,M,Pantalon,4,34,,2024-07-25,4,159201
1363,20,199,10,M,Vestido,4,34,,2024-07-25,6,159201
1364,25,269,13,M,Vestido,4,34,,2024-07-25,4,159201
1365,25,199,8,M,Blusa,4,34,,2024-07-25,5,159201
1366,20,245,16,M,Playera,4,34,,2024-07-25,5,159201
1367,20,350,18,M,Falda,4,34,,2024-07-25,3,159201
1368,20,200,18,M,Falda,4,34,,2024-07-25,4,159201
1369,25,354,8,M,Playera,4,34,,2024-07-25,5,159201
1370,20,399,19,M,Playera,4,34,,2024-07-25,3,159201
1371,20,299,13,M,Playera,4,34,,2024-07-25,4,159201
1372,25,379,10,M,Pantalon,4,34,,2024-07-25,6,159201
1373,25,599,16,M,Jean,4,34,,2024-07-25,2,60025
1374,20,599,22,M,Jean,4,34,,2024-07-25,1,60025
1375,20,399,19,M,Playera,4,34,,2024-07-25,2,60025
1376,20,499,20,M,Pantalon,3,34,,2024-07-25,2,60025
1377,25,269,13,M,Vestido,4,34,,2024-07-25,3,60025
1378,20,239,16,M,Blusa,3,34,,2024-07-25,2,60025
1379,20,199,10,M,Vestido,4,34,,2024-07-25,3,60025
1380,25,354,8,M,Playera,4,34,,2024-07-25,3,60025
1381,25,199,8,M,Blusa,4,34,,2024-07-25,3,60025
1382,25,150,7,M,Playera,5,34,,2024-07-25,3,60025
1383,20,245,16,M,Playera,4,34,,2024-07-25,1,60025
1384,20,180,18,M,Pantalon,4,34,,2024-07-25,2,60025
1385,25,379,10,M,Pantalon,4,34,,2024-07-25,3,60025
1386,20,599,22,M,Jean,4,38,,2024-07-26,2,301401
1387,5,549,19,M,Jean,2,38,,2024-07-26,2,301401
1388,25,260,16,M,Jean,4,38,,2024-07-26,3,38025
1389,15,300,22,M,Pantalon,3,38,,2024-07-26,1,50625
1390,30,250,16,M,Playera,4,38,,2024-07-26,2,50625
1391,25,225,18,M,Falda,4,38,,2024-07-26,2,50625
1392,14,399,16,M,Playera,3,38,,2024-07-26,3,117649
1393,10,299,16,M,Playera,3,38,,2024-07-26,1,159201
1394,20,399,19,M,Playera,4,38,,2024-07-26,1,159201
1395,16,499,20,M,Pantalon,3,38,,2024-07-26,2,175561
1396,20,200,18,M,Falda,4,38,,2024-07-26,2,121801
1397,15,349,23,M,Pantalon,3,38,,2024-07-26,2,121801
1398,25,250,10,M,Pantalon,4,38,,2024-07-26,2,121801
1399,8,356,18,H,Playera,3,38,,2024-07-26,4,106929
1400,13,479,21,M,Pantalon,3,38,,2024-07-26,1,121801
1401,22,299,13,M,Playera,4,38,,2024-07-26,2,121801
1402,5,349,22,M,Pantalon,2,38,,2024-07-26,2,121801
1403,22,245,10,M,Vestido,4,38,,2024-07-26,1,36481
1404,12,329,21,H,Pantalon,3,38,,2024-07-26,1,75625
1405,25,275,8,M,Playera,4,38,,2024-07-26,3,75625
1406,12,325,19,M,Blusa,3,38,,2024-07-26,3,105625
1407,15,300,16,M,Blusa,3,38,,2024-07-26,3,105625
1408,14,299,22,M,Vestido,3,38,,2024-07-26,2,62001
1409,25,249,13,M,Vestido,4,38,,2024-07-26,2,62001
1410,5,499,19,M,Blusa,2,38,,2024-07-26,3,224676
1411,10,478,22,H,Pantalon,3,38,,2024-07-26,1,184900
1412,16,459,22,M,Vestido,3,38,,2024-07-26,2,148225
1413,5,399,20,M,Blusa,2,38,,2024-07-26,1,143641
1414,5,499,21,M,Falda,2,38,,2024-07-26,1,224676
1415,30,250,7,M,Playera,5,38,,2024-07-26,1,50625
1416,20,225,18,M,Pantalon,4,38,,2024-07-26,1,50625
1417,25,275,8,M,Playera,4,38,,2024-07-26,4,42436
1418,20,599,22,M,Jean,4,39,,2024-07-26,2,229441
1419,14,399,16,M,Playera,3,39,,2024-07-26,1,159201
1420,20,399,19,M,Playera,4,39,,2024-07-26,2,159201
1421,13,479,21,M,Pantalon,3,39,,2024-07-26,3,173056
1422,25,250,10,M,Pantalon,4,39,,2024-07-26,3,62500
1423,25,249,13,M,Vestido,4,39,,2024-07-26,2,34596
1426,14,299,22,M,Vestido,3,39,,2024-07-26,1,249001
1427,5,499,19,M,Blusa,2,39,,2024-07-26,3,249001
1428,25,230,8,M,Blusa,4,39,,2024-07-26,1,29584
1429,25,225,18,M,Falda,4,39,,2024-07-26,1,50625
1430,30,250,16,M,Playera,4,39,,2024-07-26,2,50625
1431,15,300,22,M,Pantalon,3,39,,2024-07-26,1,65025
1432,10,299,16,M,Playera,3,39,,2024-07-26,3,301401
1433,5,549,19,M,Jean,2,39,,2024-07-26,2,301401
1434,22,245,10,M,Vestido,4,39,,2024-07-26,1,36481
1435,5,349,22,M,Pantalon,2,39,,2024-07-26,1,105625
1436,12,325,19,M,Blusa,3,39,,2024-07-26,1,105625
1437,25,260,16,M,Jean,4,39,,2024-07-26,1,159201
1438,5,399,20,M,Blusa,2,39,,2024-07-26,3,159201
1439,15,300,16,M,Blusa,3,39,,2024-07-26,1,65025
1440,14,299,22,M,Vestido,3,39,,2024-07-26,1,66049
1441,20,200,18,M,Falda,4,39,,2024-07-26,2,121801
1442,15,349,23,M,Pantalon,3,39,,2024-07-26,1,121801
1443,22,299,13,M,Playera,4,39,,2024-07-26,3,249001
1444,5,499,21,M,Falda,2,39,,2024-07-26,2,249001
1445,10,499,22,M,Falda,2,39,,2024-07-26,3,201601
1446,8,450,25,H,Pantalon,3,39,,2024-07-26,1,121801
1447,8,349,23,M,Falda,3,39,,2024-07-26,1,121801
1448,10,299,16,M,Playera,3,39,,2024-07-26,2,72361
1449,10,299,16,M,Playera,3,40,,2024-07-26,2,301401
1450,5,549,19,M,Jean,2,40,,2024-07-26,3,301401
1451,25,260,16,M,Jean,4,40,,2024-07-26,2,159201
1452,14,399,16,M,Playera,3,40,,2024-07-26,2,159201
1453,25,225,18,M,Falda,4,40,,2024-07-26,1,50625
1454,13,479,21,M,Pantalon,3,40,,2024-07-26,1,173056
1455,15,300,22,M,Pantalon,3,40,,2024-07-26,2,65025
1456,30,250,7,M,Playera,5,40,,2024-07-26,3,50625
1457,20,225,18,M,Pantalon,4,40,,2024-07-26,3,50625
1458,25,275,8,M,Playera,4,40,,2024-07-26,1,42436
1459,12,329,21,H,Pantalon,3,40,,2024-07-26,3,83521
1460,8,356,18,H,Playera,3,40,,2024-07-26,4,121801
1461,8,349,23,M,Falda,3,40,,2024-07-26,2,121801
1462,25,250,10,M,Pantalon,4,40,,2024-07-26,3,34969
1463,30,250,7,M,Playera,5,40,,2024-07-26,2,228484
1464,10,478,22,H,Pantalon,3,40,,2024-07-26,3,228484
1465,16,499,20,M,Pantalon,3,40,,2024-07-26,1,175561
